locus,lead_rsid,vid_lead,chrom,pos_lead,most_severe,known_effector,is_control,coding_lead,note,n_t2d_credible_sets,chosen_study,chosen_trait,chosen_finemap,n_members,best_l2g_gene,best_l2g_score,best_coloc_h4,best_coloc_gene
TCF7L2,rs7903146,10_112998590_C_T,10,112998590,intron_variant,TCF7L2,True,False,islet enhancer; strongest T2D signal,183,GCST006867,Type 2 diabetes,SuSiE-inf,1,TCF7L2,0.853763997554779,1.0,Insulin pump user (PheCode 250.3)
FTO,rs1421085,16_53767042_T_C,16,53767042,intron_variant,IRX3,True,False,ARID5B motif disruption -> IRX3/IRX5 (Claussnitzer 2015),98,GCST006867,Type 2 diabetes,SuSiE-inf,16,FTO,0.9812718033790588,0.9906390476245674,ICD10 B35: Dermatophytosis
MTNR1B,rs10830963,11_92975544_C_G,11,92975544,intron_variant,MTNR1B,True,False,FOXA2-bound islet enhancer; melatonin receptor,131,GCST006867,Type 2 diabetes,SuSiE-inf,1,MTNR1B,0.8532209992408752,1.0,Type 2 diabetes (PheCode 250.2)
KLF14,rs972283,7_130782095_A_G,7,130782095,upstream_gene_variant,KLF14,True,False,imprinted master trans-eQTL regulator (Small 2011),10,FINNGEN_R12_T2D_WIDE,"Type 2 diabetes, wide definition",SuSie,50,KLF14,0.7068416476249695,0.9865085022707883,Hypertrophy of breast
ADCY5,rs11708067,3_123346931_A_G,3,123346931,intron_variant,ADCY5,True,False,islet enhancer; insulin secretion,116,GCST006867,Type 2 diabetes,SuSiE-inf,1,ADCY5,0.7459869384765625,1.0,Glycated hemoglobin levels
CDKN2A_CDKN2B,rs10811661,9_22134095_T_C,9,22134095,upstream_gene_variant,CDKN2B,True,False,9p21 ANRIL/CDKN2B-AS1 regulatory,134,GCST006867,Type 2 diabetes,SuSiE-inf,1,CDKN2B,0.5609035491943359,1.0,Type ii diabetes
SLC30A8,rs13266634,8_117172544_C_T,8,117172544,missense_variant,SLC30A8,True,True,R325W (coding) zinc transporter; islet,150,GCST006867,Type 2 diabetes,SuSiE-inf,2,SLC30A8,0.9343155026435852,0.99889158067813,"Hemoglobin A1c (HbA1c, mean, inv-norm transformed)"
IGF2BP2,rs4402960,3_185793899_G_T,3,185793899,intron_variant,IGF2BP2,False,False,intronic; well-replicated,104,FINNGEN_R12_T2D,"Type 2 diabetes, definitions combined",SuSie,39,IGF2BP2,0.7690925002098083,0.9669433578218808,Type 2 diabetes
CDKAL1,rs7754840,6_20661019_G_C,6,20661019,intron_variant,CDKAL1,False,False,intronic; islet,49,GCST90479881,Type 2 diabetes with renal manifestations (PheCode 250.22),PICS,33,CDKAL1,0.8300923109054565,0.9923064193478055,Alanine levels
THADA,rs7578597,2_43505684_T_C,2,43505684,missense_variant,THADA,False,False,missense/regulatory,30,GCST005413,Type 2 diabetes,SuSiE-inf,150,THADA,0.5938977599143982,0.9227892053571383,"Hemoglobin A1c (HbA1c, mean, inv-norm transformed)"
HHEX_IDE,rs1111875,10_92703125_C_T,10,92703125,intron_variant,HHEX,False,False,intergenic HHEX/IDE,55,FINNGEN_R12_T2D,"Type 2 diabetes, definitions combined",SuSie,12,HHEX,0.5596750378608704,0.9895694177421324,Type 2 diabetes
JAZF1,rs864745,7_28140937_T_C,7,28140937,intron_variant,JAZF1,False,False,intronic,69,GCST90029024,Type 2 diabetes,SuSiE-inf,8,JAZF1,0.8817803859710693,0.9956278953425027,"Glucose (fasting status unknown, maximum, inv-norm transformed)"
WFS1,rs1801214,4_6301295_C_G,4,6301295,missense_variant,WFS1,False,False,Wolfram syndrome gene; regulatory,0,,,lead-only,0,,,,
HNF1B,rs4430796,17_37738049_A_G,17,37738049,intron_variant,HNF1B,True,False,TCF2; MODY gene; regulatory,6,GCST005047,Type 2 diabetes,SuSiE-inf,1,HNF1B,0.7643893957138062,1.0,Serum prostate-specific antigen levels
PROX1,rs340874,1_213985913_T_C,1,213985913,non_coding_transcript_exon_variant,PROX1,False,False,fasting glucose; islet,28,GCST006867,Type 2 diabetes,SuSiE-inf,1,PROX1,0.8422001004219055,1.0,Type 2 diabetes
G6PC2,rs560887,2_168906638_T_C,2,168906638,intron_variant,G6PC2,True,False,splice/regulatory; fasting glucose,71,GCST90271558,Random glucose levels,SuSiE-inf,1,G6PC2,0.8278226852416992,1.0,Fasting glucose
NOTCH2,rs10923931,1_119975336_G_T,1,119975336,intron_variant,NOTCH2,False,False,intronic,35,GCST006867,Type 2 diabetes,SuSiE-inf,19,NOTCH2,0.5051175951957703,0.970588305441867,Type 2 diabetes
CDC123_CAMK1D,rs12779790,10_12286011_A_G,10,12286011,upstream_gene_variant,CAMK1D,True,False,enhancer -> CAMK1D (Fogarty 2014),16,GCST005413,Type 2 diabetes,SuSiE-inf,4,CAMK1D,0.5630057454109192,0.9993154143812952,"Glucose (fasting status unknown, mean, inv-norm transformed)"
TP53INP1,rs896854,8_94948283_T_C,8,94948283,intron_variant,TP53INP1,False,False,intergenic,37,GCST006867,Type 2 diabetes,SuSiE-inf,38,TP53INP1,0.7869455814361572,0.9790549670151649,Type 2 diabetes
CCND2,rs11063069,12_4265207_A_G,12,4265207,intron_variant,CCND2,False,False,cell cycle; islet,4,GCST90475667,Type 2 diabetes (PheCode 250.2),SuSiE-inf,3,CCND2,0.7733690738677979,0.9997086536548176,Diabetes mellitus (PheCode 250)
ARAP1_CENTD2,rs1552224,11_72722053_A_C,11,72722053,intron_variant,ARAP1,True,False,proinsulin; ARAP1/STARD10 enhancer,73,GCST006867,Type 2 diabetes,SuSiE-inf,3,ARAP1,0.7578051090240479,0.9947423511850542,Type 2 diabetes
PRC1,rs8042680,15_90978107_C_A,15,90978107,intron_variant,PRC1,False,False,intergenic,18,FINNGEN_R12_T2D_WIDE,"Type 2 diabetes, wide definition",SuSie,25,PRC1,0.36964818835258484,0.9828479819141382,"Glucose (fasting status unknown, mean, inv-norm transformed)"
TLE1,rs17791513,9_79290675_A_G,9,79290675,upstream_gene_variant,TLE1,False,False,intergenic,20,GCST006867,Type 2 diabetes,SuSiE-inf,17,TLE4,0.5826851725578308,0.9906358422924727,Type 2 diabetes
HMG20A,rs7177055,15_77540420_G_A,15,77540420,intron_variant,HMG20A,False,False,islet TF,50,GCST006867,Type 2 diabetes,SuSiE-inf,2,HMG20A,0.31942498683929443,0.9797309359754092,Random glucose levels
DUSP8_HCCA2,rs2334499,11_1675619_C_T,11,1675619,intron_variant,DUSP8,True,False,imprinted; parent-of-origin,8,GCST90475667,Type 2 diabetes (PheCode 250.2),SuSiE-inf,9,KRTAP5-6,0.15822702646255493,0.9991174591299857,Diabetes mellitus (PheCode 250)
KCNQ1,rs231362,11_2670241_A_G,11,2670241,non_coding_transcript_exon_variant,KCNQ1,True,False,imprinted KCNQ1OT1 regulatory,17,GCST005047,Type 2 diabetes,SuSiE-inf,2,KCNQ1,0.6684967875480652,0.9999490986182877,Diabetes diagnosed by doctor (UKB data field 2443)
KCNJ11_ABCC8,rs5215,11_17387083_C_T,11,17387083,missense_variant,KCNJ11,False,True,E23K (coding) K-ATP channel,87,GCST006867,Type 2 diabetes,SuSiE-inf,2,KCNJ11,0.9474960565567017,0.9984035655915782,Type 2 diabetes
ANKRD55,rs459193,5_56510924_A_G,5,56510924,intron_variant,ANKRD55,False,False,intergenic insulin resistance,79,GCST006867,Type 2 diabetes,SuSiE-inf,2,ANKRD55,0.5612800121307373,0.9991968960696724,Serum albumin levels
CILP2_TM6SF2,rs10401969,19_19296909_T_C,19,19296909,intron_variant,TM6SF2,False,False,lipid/T2D pleiotropy,19,GCST006867,Type 2 diabetes,SuSiE-inf,4,MAU2,0.2852301597595215,0.9994863646312767,Free Cholesterol to Cholesterol in Large HDL percentage
MAEA,rs6815464,4_1316113_C_G,4,1316113,intron_variant,MAEA,False,False,East-Asian T2D,4,GCST004894,Type 2 diabetes,PICS,121,MAEA,0.6760526895523071,0.9280054570358379,Alpha-L-iduronidase levels
